file_id								
	0	type	file					
	1	manufacturer	manufacturer					
	2	product	uint16					
		favero_product	favero_product					
		garmin_product	garmin_product					
	3	serial_number	uint32z					
	4	time_created	date_time					
	5	number	uint16					
	8	product_name	string					
file_creator								
	0	software_version	uint16					
	1	hardware_version	uint8					
timestamp_correlation								
	253	timestamp	date_time					s
	0	fractional_timestamp	uint16			32768		s
	1	system_timestamp	date_time					s
	2	fractional_system_timestamp	uint16			32768		s
	3	local_timestamp	local_date_time					s
	4	timestamp_ms	uint16					ms
	5	system_timestamp_ms	uint16					ms
			DEVICE FILE MESSAGES					
software								
	254	message_index	message_index					
	3	version	uint16			100		
	5	part_number	string					
slave_device								
	0	manufacturer	manufacturer					
	1	product	uint16					
		favero_product	favero_product					
		garmin_product	garmin_product					
capabilities								
	0	languages	uint8z	[N]				
	1	sports	sport_bits_0	[N]				
	21	workouts_supported	workout_capabilities					
	23	connectivity_supported	connectivity_capabilities					
file_capabilities								
	254	message_index	message_index					
	0	type	file					
	1	flags	file_flags					
	2	directory	string					
	3	max_count	uint16					
	4	max_size	uint32					bytes
mesg_capabilities								
	254	message_index	message_index					
	0	file	file					
	1	mesg_num	mesg_num					
	2	count_type	mesg_count					
	3	count	uint16					
		num_per_file	uint16					
		max_per_file	uint16					
		max_per_file_type	uint16					
field_capabilities								
	254	message_index	message_index					
	0	file	file					
	1	mesg_num	mesg_num					
	2	field_num	uint8					
	3	count	uint16					
			SETTINGS FILE MESSAGES					
device_settings								
	0	active_time_zone	uint8					
	1	utc_offset	uint32					
	2	time_offset	uint32	[N]				s
	4	time_mode	time_mode	[N]				
	5	time_zone_offset	sint8	[N]		4		hr
	12	backlight_mode	backlight_mode					
	36	activity_tracker_enabled	bool					
	39	clock_time	date_time					
	40	pages_enabled	uint16	[N]				
	46	move_alert_enabled	bool					
	47	date_mode	date_mode					
	55	display_orientation	display_orientation					
	56	mounting_side	side					
	57	default_page	uint16	[N]				
	58	autosync_min_steps	uint16					steps
	59	autosync_min_time	uint16					minutes
	80	lactate_threshold_autodetect_enabled	bool					
	86	ble_auto_upload_enabled	bool					
	89	auto_sync_frequency	auto_sync_frequency					
	90	auto_activity_detect	auto_activity_detect					
	94	number_of_screens	uint8					
	95	smart_notification_display_orientation	display_orientation					
	134	tap_interface	switch					
	174	tap_sensitivity	tap_sensitivity					
user_profile								
	254	message_index	message_index					
	0	friendly_name	string					
	1	gender	gender					
	2	age	uint8					years
	3	height	uint8			100		m
	4	weight	uint16			10		kg
	5	language	language					
	6	elev_setting	display_measure					
	7	weight_setting	display_measure					
	8	resting_heart_rate	uint8					bpm
	9	default_max_running_heart_rate	uint8					bpm
	10	default_max_biking_heart_rate	uint8					bpm
	11	default_max_heart_rate	uint8					bpm
	12	hr_setting	display_heart					
	13	speed_setting	display_measure					
	14	dist_setting	display_measure					
	16	power_setting	display_power					
	17	activity_class	activity_class					
	18	position_setting	display_position					
	21	temperature_setting	display_measure					
	22	local_id	user_local_id					
	23	global_id	byte	[6]				
	28	wake_time	localtime_into_day					
	29	sleep_time	localtime_into_day					
	30	height_setting	display_measure					
	31	user_running_step_length	uint16			1000		m
	32	user_walking_step_length	uint16			1000		m
	47	depth_setting	display_measure					
	49	dive_count	uint32					
hrm_profile								
	254	message_index	message_index					
	0	enabled	bool					
	1	hrm_ant_id	uint16z					
	2	log_hrv	bool					
	3	hrm_ant_id_trans_type	uint8z					
sdm_profile								
	254	message_index	message_index					
	0	enabled	bool					
	1	sdm_ant_id	uint16z					
	2	sdm_cal_factor	uint16			10		%
	3	odometer	uint32			100		m
	4	speed_source	bool					
	5	sdm_ant_id_trans_type	uint8z					
	7	odometer_rollover	uint8					
bike_profile								
	254	message_index	message_index					
	0	name	string					
	1	sport	sport					
	2	sub_sport	sub_sport					
	3	odometer	uint32			100		m
	4	bike_spd_ant_id	uint16z					
	5	bike_cad_ant_id	uint16z					
	6	bike_spdcad_ant_id	uint16z					
	7	bike_power_ant_id	uint16z					
	8	custom_wheelsize	uint16			1000		m
	9	auto_wheelsize	uint16			1000		m
	10	bike_weight	uint16			10		kg
	11	power_cal_factor	uint16			10		%
	12	auto_wheel_cal	bool					
	13	auto_power_zero	bool					
	14	id	uint8					
	15	spd_enabled	bool					
	16	cad_enabled	bool					
	17	spdcad_enabled	bool					
	18	power_enabled	bool					
	19	crank_length	uint8			2	-110	mm
	20	enabled	bool					
	21	bike_spd_ant_id_trans_type	uint8z					
	22	bike_cad_ant_id_trans_type	uint8z					
	23	bike_spdcad_ant_id_trans_type	uint8z					
	24	bike_power_ant_id_trans_type	uint8z					
	37	odometer_rollover	uint8					
	38	front_gear_num	uint8z					
	39	front_gear	uint8z	[N]				
	40	rear_gear_num	uint8z					
	41	rear_gear	uint8z	[N]				
	44	shimano_di2_enabled	bool					
connectivity								
	0	bluetooth_enabled	bool					
	1	bluetooth_le_enabled	bool					
	2	ant_enabled	bool					
	3	name	string					
	4	live_tracking_enabled	bool					
	5	weather_conditions_enabled	bool					
	6	weather_alerts_enabled	bool					
	7	auto_activity_upload_enabled	bool					
	8	course_download_enabled	bool					
	9	workout_download_enabled	bool					
	10	gps_ephemeris_download_enabled	bool					
	11	incident_detection_enabled	bool					
	12	grouptrack_enabled	bool					
watchface_settings								
	254	message_index	message_index					
	0	mode	watchface_mode					
	1	layout	byte					
		digital_layout	digital_watchface_layout					
		analog_layout	analog_watchface_layout					
ohr_settings								
	253	timestamp	date_time					s
	0	enabled	switch					
time_in_zone								
	253	timestamp	date_time					s
	0	reference_mesg	mesg_num					
	1	reference_index	message_index					
	2	time_in_hr_zone	uint32	[N]		1000		s
	3	time_in_speed_zone	uint32	[N]		1000		s
	4	time_in_cadence_zone	uint32	[N]		1000		s
	5	time_in_power_zone	uint32	[N]		1000		s
	6	hr_zone_high_boundary	uint8	[N]				bpm
	7	speed_zone_high_boundary	uint16	[N]		1000		m/s
	8	cadence_zone_high_bondary	uint8	[N]				rpm
	9	power_zone_high_boundary	uint16	[N]				watts
	10	hr_calc_type	hr_zone_calc					
	11	max_heart_rate	uint8					
	12	resting_heart_rate	uint8					
	13	threshold_heart_rate	uint8					
	14	pwr_calc_type	pwr_zone_calc					
	15	functional_threshold_power	uint16					
			SPORT SETTINGS FILE MESSAGES					
zones_target								
	1	max_heart_rate	uint8					
	2	threshold_heart_rate	uint8					
	3	functional_threshold_power	uint16					
	5	hr_calc_type	hr_zone_calc					
	7	pwr_calc_type	pwr_zone_calc					
sport								
	0	sport	sport					
	1	sub_sport	sub_sport					
	3	name	string					
hr_zone								
	254	message_index	message_index					
	1	high_bpm	uint8					bpm
	2	name	string					
speed_zone								
	254	message_index	message_index					
	0	high_value	uint16			1000		m/s
	1	name	string					
cadence_zone								
	254	message_index	message_index					
	0	high_value	uint8					rpm
	1	name	string					
power_zone								
	254	message_index	message_index					
	1	high_value	uint16					watts
	2	name	string					
met_zone								
	254	message_index	message_index					
	1	high_bpm	uint8					
	2	calories	uint16			10		kcal / min
	3	fat_calories	uint8			10		kcal / min
dive_settings								
	253	timestamp	date_time					
	254	message_index	message_index					
	0	name	string					
	1	model	tissue_model_type					
	2	gf_low	uint8					percent
	3	gf_high	uint8					percent
	4	water_type	water_type					
	5	water_density	float32					kg/m^3
	6	po2_warn	uint8			100		percent
	7	po2_critical	uint8			100		percent
	8	po2_deco	uint8			100		percent
	9	safety_stop_enabled	bool					
	10	bottom_depth	float32					
	11	bottom_time	uint32					
	12	apnea_countdown_enabled	bool					
	13	apnea_countdown_time	uint32					
	14	backlight_mode	dive_backlight_mode					
	15	backlight_brightness	uint8					
	16	backlight_timeout	backlight_timeout					
	17	repeat_dive_interval	uint16			1		s
	18	safety_stop_time	uint16			1		s
	19	heart_rate_source_type	source_type					
	20	heart_rate_source	uint8					
		heart_rate_antplus_device_type	antplus_device_type					
		heart_rate_local_device_type	local_device_type					
	21	travel_gas	message_index					
	22	ccr_low_setpoint_switch_mode	ccr_setpoint_switch_mode					
	23	ccr_low_setpoint	uint8			100		percent
	24	ccr_low_setpoint_depth	uint32			1000		m
	25	ccr_high_setpoint_switch_mode	ccr_setpoint_switch_mode					
	26	ccr_high_setpoint	uint8			100		percent
	27	ccr_high_setpoint_depth	uint32			1000		m
	29	gas_consumption_display	gas_consumption_rate_type					
	30	up_key_enabled	bool					
	35	dive_sounds	tone					
	36	last_stop_multiple	uint8			10		
	37	no_fly_time_mode	no_fly_time_mode					
dive_alarm								
	254	message_index	message_index					
	0	depth	uint32			1000		m
	1	time	sint32			1		s
	2	enabled	bool					
	3	alarm_type	dive_alarm_type					
	4	sound	tone					
	5	dive_types	sub_sport	[N]				
	6	id	uint32					
	7	popup_enabled	bool					
	8	trigger_on_descent	bool					
	9	trigger_on_ascent	bool					
	10	repeating	bool					
	11	speed	sint32			1000		mps
dive_apnea_alarm								
	254	message_index	message_index					
	0	depth	uint32			1000		m
	1	time	sint32			1		s
	2	enabled	bool					
	3	alarm_type	dive_alarm_type					
	4	sound	tone					
	5	dive_types	sub_sport	[N]				
	6	id	uint32					
	7	popup_enabled	bool					
	8	trigger_on_descent	bool					
	9	trigger_on_ascent	bool					
	10	repeating	bool					
	11	speed	sint32			1000		mps
dive_gas								
	254	message_index	message_index					
	0	helium_content	uint8					percent
	1	oxygen_content	uint8					percent
	2	status	dive_gas_status					
	3	mode	dive_gas_mode					
			GOALS FILE MESSAGES					
goal								
	254	message_index	message_index					
	0	sport	sport					
	1	sub_sport	sub_sport					
	2	start_date	date_time					
	3	end_date	date_time					
	4	type	goal					
	5	value	uint32					
	6	repeat	bool					
	7	target_value	uint32					
	8	recurrence	goal_recurrence					
	9	recurrence_value	uint16					
	10	enabled	bool					
	11	source	goal_source					
			ACTIVITY FILE MESSAGES					
activity								
	253	timestamp	date_time					
	0	total_timer_time	uint32			1000		s
	1	num_sessions	uint16					
	2	type	activity					
	3	event	event					
	4	event_type	event_type					
	5	local_timestamp	local_date_time					
	6	event_group	uint8					
session								
	254	message_index	message_index					
	253	timestamp	date_time					s
	0	event	event					
	1	event_type	event_type					
	2	start_time	date_time					
	3	start_position_lat	sint32					semicircles
	4	start_position_long	sint32					semicircles
	5	sport	sport					
	6	sub_sport	sub_sport					
	7	total_elapsed_time	uint32			1000		s
	8	total_timer_time	uint32			1000		s
	9	total_distance	uint32			100		m
	10	total_cycles	uint32					cycles
		total_strides	uint32					strides
		total_strokes	uint32					strokes
	11	total_calories	uint16					kcal
	13	total_fat_calories	uint16					kcal
	14	avg_speed	uint16		enhanced_avg_speed	1000		m/s
	15	max_speed	uint16		enhanced_max_speed	1000		m/s
	16	avg_heart_rate	uint8					bpm
	17	max_heart_rate	uint8					bpm
	18	avg_cadence	uint8					rpm
		avg_running_cadence	uint8					strides/min
	19	max_cadence	uint8					rpm
		max_running_cadence	uint8					strides/min
	20	avg_power	uint16					watts
	21	max_power	uint16					watts
	22	total_ascent	uint16					m
	23	total_descent	uint16					m
	24	total_training_effect	uint8			10		
	25	first_lap_index	uint16					
	26	num_laps	uint16					
	27	event_group	uint8					
	28	trigger	session_trigger					
	29	nec_lat	sint32					semicircles
	30	nec_long	sint32					semicircles
	31	swc_lat	sint32					semicircles
	32	swc_long	sint32					semicircles
	33	num_lengths	uint16					lengths
	34	normalized_power	uint16					watts
	35	training_stress_score	uint16			10		tss
	36	intensity_factor	uint16			1000		if
	37	left_right_balance	left_right_balance_100					
	38	end_position_lat	sint32					semicircles
	39	end_position_long	sint32					semicircles
	41	avg_stroke_count	uint32			10		strokes/lap
	42	avg_stroke_distance	uint16			100		m
	43	swim_stroke	swim_stroke					swim_stroke
	44	pool_length	uint16			100		m
	45	threshold_power	uint16					watts
	46	pool_length_unit	display_measure					
	47	num_active_lengths	uint16					lengths
	48	total_work	uint32					J
	49	avg_altitude	uint16		enhanced_avg_altitude	5	500	m
	50	max_altitude	uint16		enhanced_max_altitude	5	500	m
	51	gps_accuracy	uint8					m
	52	avg_grade	sint16			100		%
	53	avg_pos_grade	sint16			100		%
	54	avg_neg_grade	sint16			100		%
	55	max_pos_grade	sint16			100		%
	56	max_neg_grade	sint16			100		%
	57	avg_temperature	sint8					C
	58	max_temperature	sint8					C
	59	total_moving_time	uint32			1000		s
	60	avg_pos_vertical_speed	sint16			1000		m/s
	61	avg_neg_vertical_speed	sint16			1000		m/s
	62	max_pos_vertical_speed	sint16			1000		m/s
	63	max_neg_vertical_speed	sint16			1000		m/s
	64	min_heart_rate	uint8					bpm
	65	time_in_hr_zone	uint32	[N]		1000		s
	66	time_in_speed_zone	uint32	[N]		1000		s
	67	time_in_cadence_zone	uint32	[N]		1000		s
	68	time_in_power_zone	uint32	[N]		1000		s
	69	avg_lap_time	uint32			1000		s
	70	best_lap_index	uint16					
	71	min_altitude	uint16		enhanced_min_altitude	5	500	m
	82	player_score	uint16					
	83	opponent_score	uint16					
	84	opponent_name	string					
	85	stroke_count	uint16	[N]				counts
	86	zone_count	uint16	[N]				counts
	87	max_ball_speed	uint16			100		m/s
	88	avg_ball_speed	uint16			100		m/s
	89	avg_vertical_oscillation	uint16			10		mm
	90	avg_stance_time_percent	uint16			100		percent
	91	avg_stance_time	uint16			10		ms
	92	avg_fractional_cadence	uint8			128		rpm
	93	max_fractional_cadence	uint8			128		rpm
	94	total_fractional_cycles	uint8			128		cycles
	95	avg_total_hemoglobin_conc	uint16	[N]		100		g/dL
	96	min_total_hemoglobin_conc	uint16	[N]		100		g/dL
	97	max_total_hemoglobin_conc	uint16	[N]		100		g/dL
	98	avg_saturated_hemoglobin_percent	uint16	[N]		10		%
	99	min_saturated_hemoglobin_percent	uint16	[N]		10		%
	100	max_saturated_hemoglobin_percent	uint16	[N]		10		%
	101	avg_left_torque_effectiveness	uint8			2		percent
	102	avg_right_torque_effectiveness	uint8			2		percent
	103	avg_left_pedal_smoothness	uint8			2		percent
	104	avg_right_pedal_smoothness	uint8			2		percent
	105	avg_combined_pedal_smoothness	uint8			2		percent
	110	sport_profile_name	string					
	111	sport_index	uint8					
	112	time_standing	uint32			1000		s
	113	stand_count	uint16					
	114	avg_left_pco	sint8					mm
	115	avg_right_pco	sint8					mm
	116	avg_left_power_phase	uint8	[N]		0,7111111		degrees
	117	avg_left_power_phase_peak	uint8	[N]		0,7111111		degrees
	118	avg_right_power_phase	uint8	[N]		0,7111111		degrees
	119	avg_right_power_phase_peak	uint8	[N]		0,7111111		degrees
	120	avg_power_position	uint16	[N]				watts
	121	max_power_position	uint16	[N]				watts
	122	avg_cadence_position	uint8	[N]				rpm
	123	max_cadence_position	uint8	[N]				rpm
	124	enhanced_avg_speed	uint32			1000		m/s
	125	enhanced_max_speed	uint32			1000		m/s
	126	enhanced_avg_altitude	uint32			5	500	m
	127	enhanced_min_altitude	uint32			5	500	m
	128	enhanced_max_altitude	uint32			5	500	m
	129	avg_lev_motor_power	uint16					watts
	130	max_lev_motor_power	uint16					watts
	131	lev_battery_consumption	uint8			2		percent
	132	avg_vertical_ratio	uint16			100		percent
	133	avg_stance_time_balance	uint16			100		percent
	134	avg_step_length	uint16			10		mm
	137	total_anaerobic_training_effect	uint8			10		
	139	avg_vam	uint16			1000		m/s
	140	avg_depth	uint32			1000		m
	141	max_depth	uint32			1000		m
	142	surface_interval	uint32			1		s
	143	start_cns	uint8			1		percent
	144	end_cns	uint8			1		percent
	145	start_n2	uint16			1		percent
	146	end_n2	uint16			1		percent
	147	avg_respiration_rate	uint8		enhanced_avg_respiration_rate			
	148	max_respiration_rate	uint8		enhanced_max_respiration_rate			
	149	min_respiration_rate	uint8		enhanced_min_respiration_rate			
	150	min_temperature	sint8					C
	155	o2_toxicity	uint16					OTUs
	156	dive_number	uint32					
	168	training_load_peak	sint32			65536		
	169	enhanced_avg_respiration_rate	uint16			100		Breaths/min
	170	enhanced_max_respiration_rate	uint16			100		Breaths/min
	180	enhanced_min_respiration_rate	uint16			100		
	181	total_grit	float32					kGrit
	182	total_flow	float32					Flow
	183	jump_count	uint16					
	186	avg_grit	float32					kGrit
	187	avg_flow	float32					Flow
	192	workout_feel	uint8					
	193	workout_rpe	uint8					
	194	avg_spo2	uint8					percent
	195	avg_stress	uint8					percent
	197	sdrr_hrv	uint8					mS
	198	rmssd_hrv	uint8					mS
	199	total_fractional_ascent	uint8			100		m
	200	total_fractional_descent	uint8			100		m
	208	avg_core_temperature	uint16			100		C
	209	min_core_temperature	uint16			100		C
	210	max_core_temperature	uint16			100		C
lap								
	254	message_index	message_index					
	253	timestamp	date_time					s
	0	event	event					
	1	event_type	event_type					
	2	start_time	date_time					
	3	start_position_lat	sint32					semicircles
	4	start_position_long	sint32					semicircles
	5	end_position_lat	sint32					semicircles
	6	end_position_long	sint32					semicircles
	7	total_elapsed_time	uint32			1000		s
	8	total_timer_time	uint32			1000		s
	9	total_distance	uint32			100		m
	10	total_cycles	uint32					cycles
		total_strides	uint32					strides
		total_strokes	uint32					strokes
	11	total_calories	uint16					kcal
	12	total_fat_calories	uint16					kcal
	13	avg_speed	uint16		enhanced_avg_speed	1000		m/s
	14	max_speed	uint16		enhanced_max_speed	1000		m/s
	15	avg_heart_rate	uint8					bpm
	16	max_heart_rate	uint8					bpm
	17	avg_cadence	uint8					rpm
		avg_running_cadence	uint8					strides/min
	18	max_cadence	uint8					rpm
		max_running_cadence	uint8					strides/min
	19	avg_power	uint16					watts
	20	max_power	uint16					watts
	21	total_ascent	uint16					m
	22	total_descent	uint16					m
	23	intensity	intensity					
	24	lap_trigger	lap_trigger					
	25	sport	sport					
	26	event_group	uint8					
	32	num_lengths	uint16					lengths
	33	normalized_power	uint16					watts
	34	left_right_balance	left_right_balance_100					
	35	first_length_index	uint16					
	37	avg_stroke_distance	uint16			100		m
	38	swim_stroke	swim_stroke					
	39	sub_sport	sub_sport					
	40	num_active_lengths	uint16					lengths
	41	total_work	uint32					J
	42	avg_altitude	uint16		enhanced_avg_altitude	5	500	m
	43	max_altitude	uint16		enhanced_max_altitude	5	500	m
	44	gps_accuracy	uint8					m
	45	avg_grade	sint16			100		%
	46	avg_pos_grade	sint16			100		%
	47	avg_neg_grade	sint16			100		%
	48	max_pos_grade	sint16			100		%
	49	max_neg_grade	sint16			100		%
	50	avg_temperature	sint8					C
	51	max_temperature	sint8					C
	52	total_moving_time	uint32			1000		s
	53	avg_pos_vertical_speed	sint16			1000		m/s
	54	avg_neg_vertical_speed	sint16			1000		m/s
	55	max_pos_vertical_speed	sint16			1000		m/s
	56	max_neg_vertical_speed	sint16			1000		m/s
	57	time_in_hr_zone	uint32	[N]		1000		s
	58	time_in_speed_zone	uint32	[N]		1000		s
	59	time_in_cadence_zone	uint32	[N]		1000		s
	60	time_in_power_zone	uint32	[N]		1000		s
	61	repetition_num	uint16					
	62	min_altitude	uint16		enhanced_min_altitude	5	500	m
	63	min_heart_rate	uint8					bpm
	71	wkt_step_index	message_index					
	74	opponent_score	uint16					
	75	stroke_count	uint16	[N]				counts
	76	zone_count	uint16	[N]				counts
	77	avg_vertical_oscillation	uint16			10		mm
	78	avg_stance_time_percent	uint16			100		percent
	79	avg_stance_time	uint16			10		ms
	80	avg_fractional_cadence	uint8			128		rpm
	81	max_fractional_cadence	uint8			128		rpm
	82	total_fractional_cycles	uint8			128		cycles
	83	player_score	uint16					
	84	avg_total_hemoglobin_conc	uint16	[N]		100		g/dL
	85	min_total_hemoglobin_conc	uint16	[N]		100		g/dL
	86	max_total_hemoglobin_conc	uint16	[N]		100		g/dL
	87	avg_saturated_hemoglobin_percent	uint16	[N]		10		%
	88	min_saturated_hemoglobin_percent	uint16	[N]		10		%
	89	max_saturated_hemoglobin_percent	uint16	[N]		10		%
	91	avg_left_torque_effectiveness	uint8			2		percent
	92	avg_right_torque_effectiveness	uint8			2		percent
	93	avg_left_pedal_smoothness	uint8			2		percent
	94	avg_right_pedal_smoothness	uint8			2		percent
	95	avg_combined_pedal_smoothness	uint8			2		percent
	98	time_standing	uint32			1000		s
	99	stand_count	uint16					
	100	avg_left_pco	sint8					mm
	101	avg_right_pco	sint8					mm
	102	avg_left_power_phase	uint8	[N]		0,7111111		degrees
	103	avg_left_power_phase_peak	uint8	[N]		0,7111111		degrees
	104	avg_right_power_phase	uint8	[N]		0,7111111		degrees
	105	avg_right_power_phase_peak	uint8	[N]		0,7111111		degrees
	106	avg_power_position	uint16	[N]				watts
	107	max_power_position	uint16	[N]				watts
	108	avg_cadence_position	uint8	[N]				rpm
	109	max_cadence_position	uint8	[N]				rpm
	110	enhanced_avg_speed	uint32			1000		m/s
	111	enhanced_max_speed	uint32			1000		m/s
	112	enhanced_avg_altitude	uint32			5	500	m
	113	enhanced_min_altitude	uint32			5	500	m
	114	enhanced_max_altitude	uint32			5	500	m
	115	avg_lev_motor_power	uint16					watts
	116	max_lev_motor_power	uint16					watts
	117	lev_battery_consumption	uint8			2		percent
	118	avg_vertical_ratio	uint16			100		percent
	119	avg_stance_time_balance	uint16			100		percent
	120	avg_step_length	uint16			10		mm
	121	avg_vam	uint16			1000		m/s
	122	avg_depth	uint32			1000		m
	123	max_depth	uint32			1000		m
	124	min_temperature	sint8					C
	136	enhanced_avg_respiration_rate	uint16			100		Breaths/min
	137	enhanced_max_respiration_rate	uint16			100		Breaths/min
	147	avg_respiration_rate	uint8		enhanced_avg_respiration_rate			
	148	max_respiration_rate	uint8		enhanced_max_respiration_rate			
	149	total_grit	float32					kGrit
	150	total_flow	float32					Flow
	151	jump_count	uint16					
	153	avg_grit	float32					kGrit
	154	avg_flow	float32					Flow
	156	total_fractional_ascent	uint8			100		m
	157	total_fractional_descent	uint8			100		m
	158	avg_core_temperature	uint16			100		C
	159	min_core_temperature	uint16			100		C
	160	max_core_temperature	uint16			100		C
length								
	254	message_index	message_index					
	253	timestamp	date_time					
	0	event	event					
	1	event_type	event_type					
	2	start_time	date_time					
	3	total_elapsed_time	uint32			1000		s
	4	total_timer_time	uint32			1000		s
	5	total_strokes	uint16					strokes
	6	avg_speed	uint16			1000		m/s
	7	swim_stroke	swim_stroke					swim_stroke
	9	avg_swimming_cadence	uint8					strokes/min
	10	event_group	uint8					
	11	total_calories	uint16					kcal
	12	length_type	length_type					
	18	player_score	uint16					
	19	opponent_score	uint16					
	20	stroke_count	uint16	[N]				counts
	21	zone_count	uint16	[N]				counts
	22	enhanced_avg_respiration_rate	uint16			100		Breaths/min
	23	enhanced_max_respiration_rate	uint16			100		Breaths/min
	24	avg_respiration_rate	uint8		enhanced_avg_respiration_rate			
	25	max_respiration_rate	uint8		enhanced_max_respiration_rate			
record								
	253	timestamp	date_time					s
	0	position_lat	sint32					semicircles
	1	position_long	sint32					semicircles
	2	altitude	uint16		enhanced_altitude	5	500	m
	3	heart_rate	uint8					bpm
	4	cadence	uint8					rpm
	5	distance	uint32			100		m
	6	speed	uint16		enhanced_speed	1000		m/s
	7	power	uint16					watts
	8	compressed_speed_distance	byte	[3]	speed,distance	100,16		m/s,m
	9	grade	sint16			100		%
	10	resistance	uint8					
	11	time_from_course	sint32			1000		s
	12	cycle_length	uint8			100		m
	13	temperature	sint8					C
	17	speed_1s	uint8	[N]		16		m/s
	18	cycles	uint8		total_cycles			cycles
	19	total_cycles	uint32					cycles
	28	compressed_accumulated_power	uint16		accumulated_power			watts
	29	accumulated_power	uint32					watts
	30	left_right_balance	left_right_balance					
	31	gps_accuracy	uint8					m
	32	vertical_speed	sint16			1000		m/s
	33	calories	uint16					kcal
	39	vertical_oscillation	uint16			10		mm
	40	stance_time_percent	uint16			100		percent
	41	stance_time	uint16			10		ms
	42	activity_type	activity_type					
	43	left_torque_effectiveness	uint8			2		percent
	44	right_torque_effectiveness	uint8			2		percent
	45	left_pedal_smoothness	uint8			2		percent
	46	right_pedal_smoothness	uint8			2		percent
	47	combined_pedal_smoothness	uint8			2		percent
	48	time128	uint8			128		s
	49	stroke_type	stroke_type					
	50	zone	uint8					
	51	ball_speed	uint16			100		m/s
	52	cadence256	uint16			256		rpm
	53	fractional_cadence	uint8			128		rpm
	54	total_hemoglobin_conc	uint16			100		g/dL
	55	total_hemoglobin_conc_min	uint16			100		g/dL
	56	total_hemoglobin_conc_max	uint16			100		g/dL
	57	saturated_hemoglobin_percent	uint16			10		%
	58	saturated_hemoglobin_percent_min	uint16			10		%
	59	saturated_hemoglobin_percent_max	uint16			10		%
	62	device_index	device_index					
	67	left_pco	sint8					mm
	68	right_pco	sint8					mm
	69	left_power_phase	uint8	[N]		0,7111111		degrees
	70	left_power_phase_peak	uint8	[N]		0,7111111		degrees
	71	right_power_phase	uint8	[N]		0,7111111		degrees
	72	right_power_phase_peak	uint8	[N]		0,7111111		degrees
	73	enhanced_speed	uint32			1000		m/s
	78	enhanced_altitude	uint32			5	500	m
	81	battery_soc	uint8			2		percent
	82	motor_power	uint16					watts
	83	vertical_ratio	uint16			100		percent
	84	stance_time_balance	uint16			100		percent
	85	step_length	uint16			10		mm
	87	cycle_length16	uint16			100		m
	91	absolute_pressure	uint32					Pa
	92	depth	uint32			1000		m
	93	next_stop_depth	uint32			1000		m
	94	next_stop_time	uint32			1		s
	95	time_to_surface	uint32			1		s
	96	ndl_time	uint32			1		s
	97	cns_load	uint8					percent
	98	n2_load	uint16			1		percent
	99	respiration_rate	uint8		enhanced_respiration_rate	1		s
	108	enhanced_respiration_rate	uint16			100		Breaths/min
	114	grit	float32					
	115	flow	float32					
	116	current_stress	uint16			100		
	117	ebike_travel_range	uint16					km
	118	ebike_battery_level	uint8					percent
	119	ebike_assist_mode	uint8					depends on sensor
	120	ebike_assist_level_percent	uint8					percent
	123	air_time_remaining	uint32					s
	124	pressure_sac	uint16			100		bar/min
	125	volume_sac	uint16			100		L/min
	126	rmv	uint16			100		L/min
	127	ascent_rate	sint32			1000		m/s
	129	po2	uint8			100		percent
	139	core_temperature	uint16			100		C
event								
	253	timestamp	date_time					s
	0	event	event					
	1	event_type	event_type					
	2	data16	uint16		data			
	3	data	uint32					
		timer_trigger	timer_trigger					
		course_point_index	message_index					
		battery_level	uint16			1000		V
		virtual_partner_speed	uint16			1000		m/s
		hr_high_alert	uint8					bpm
		hr_low_alert	uint8					bpm
		speed_high_alert	uint32			1000		m/s
		speed_low_alert	uint32			1000		m/s
		cad_high_alert	uint16					rpm
		cad_low_alert	uint16					rpm
		power_high_alert	uint16					watts
		power_low_alert	uint16					watts
		time_duration_alert	uint32			1000		s
		distance_duration_alert	uint32			100		m
		calorie_duration_alert	uint32					calories
		fitness_equipment_state	fitness_equipment_state					
		sport_point	uint32		score,opponent_score	1,1		
		gear_change_data	uint32		rear_gear_num,rear_gear,front_gear_num,front_gear	1,1,1,1		
		rider_position	rider_position_type					
		comm_timeout	comm_timeout_type					
		dive_alert	dive_alert					
		auto_activity_detect_duration	uint16					min
		radar_threat_alert	uint32		radar_threat_level_max,radar_threat_count,radar_threat_avg_approach_speed,radar_threat_max_approach_speed	1,1,10,10		
	4	event_group	uint8					
	7	score	uint16					
	8	opponent_score	uint16					
	9	front_gear_num	uint8z					
	10	front_gear	uint8z					
	11	rear_gear_num	uint8z					
	12	rear_gear	uint8z					
	13	device_index	device_index					
	14	activity_type	activity_type					
	15	start_timestamp	date_time					s
		auto_activity_detect_start_timestamp	date_time					s
	21	radar_threat_level_max	radar_threat_level_type					
	22	radar_threat_count	uint8					
	23	radar_threat_avg_approach_speed	uint8			10		m/s
	24	radar_threat_max_approach_speed	uint8			10		m/s
device_info								
	253	timestamp	date_time					s
	0	device_index	device_index					
	1	device_type	uint8					
		ble_device_type	ble_device_type					
		antplus_device_type	antplus_device_type					
		ant_device_type	uint8					
		local_device_type	local_device_type					
	2	manufacturer	manufacturer					
	3	serial_number	uint32z					
	4	product	uint16					
		favero_product	favero_product					
		garmin_product	garmin_product					
	5	software_version	uint16			100		
	6	hardware_version	uint8					
	7	cum_operating_time	uint32					s
	10	battery_voltage	uint16			256		V
	11	battery_status	battery_status					
	18	sensor_position	body_location					
	19	descriptor	string					
	20	ant_transmission_type	uint8z					
	21	ant_device_number	uint16z					
	22	ant_network	ant_network					
	25	source_type	source_type					
	27	product_name	string					
	32	battery_level	uint8					%
device_aux_battery_info								
	253	timestamp	date_time					
	0	device_index	device_index					
	1	battery_voltage	uint16			256		V
	2	battery_status	battery_status					
	3	battery_identifier	uint8					
training_file								
	253	timestamp	date_time					
	0	type	file					
	1	manufacturer	manufacturer					
	2	product	uint16					
		favero_product	favero_product					
		garmin_product	garmin_product					
	3	serial_number	uint32z					
	4	time_created	date_time					
weather_conditions								
	253	timestamp	date_time					
	0	weather_report	weather_report					
	1	temperature	sint8					C
	2	condition	weather_status					
	3	wind_direction	uint16					degrees
	4	wind_speed	uint16			1000		m/s
	5	precipitation_probability	uint8					
	6	temperature_feels_like	sint8					C
	7	relative_humidity	uint8					
	8	location	string					
	9	observed_at_time	date_time					
	10	observed_location_lat	sint32					semicircles
	11	observed_location_long	sint32					semicircles
	12	day_of_week	day_of_week					
	13	high_temperature	sint8					C
	14	low_temperature	sint8					C
weather_alert								
	253	timestamp	date_time					
	0	report_id	string					
	1	issue_time	date_time					
	2	expire_time	date_time					
	3	severity	weather_severity					
	4	type	weather_severe_type					
gps_metadata								
	253	timestamp	date_time					s
	0	timestamp_ms	uint16					ms
	1	position_lat	sint32					semicircles
	2	position_long	sint32					semicircles
	3	enhanced_altitude	uint32			5	500	m
	4	enhanced_speed	uint32			1000		m/s
	5	heading	uint16			100		degrees
	6	utc_timestamp	date_time					s
	7	velocity	sint16	[3]		100		m/s
camera_event								
	253	timestamp	date_time					s
	0	timestamp_ms	uint16					ms
	1	camera_event_type	camera_event_type					
	2	camera_file_uuid	string					
	3	camera_orientation	camera_orientation_type					
gyroscope_data								
	253	timestamp	date_time					s
	0	timestamp_ms	uint16					ms
	1	sample_time_offset	uint16	[N]				ms
	2	gyro_x	uint16	[N]				counts
	3	gyro_y	uint16	[N]				counts
	4	gyro_z	uint16	[N]				counts
	5	calibrated_gyro_x	float32	[N]				deg/s
	6	calibrated_gyro_y	float32	[N]				deg/s
	7	calibrated_gyro_z	float32	[N]				deg/s
accelerometer_data								
	253	timestamp	date_time					s
	0	timestamp_ms	uint16					ms
	1	sample_time_offset	uint16	[N]				ms
	2	accel_x	uint16	[N]				counts
	3	accel_y	uint16	[N]				counts
	4	accel_z	uint16	[N]				counts
	5	calibrated_accel_x	float32	[N]				g
	6	calibrated_accel_y	float32	[N]				g
	7	calibrated_accel_z	float32	[N]				g
	8	compressed_calibrated_accel_x	sint16	[N]				mG
	9	compressed_calibrated_accel_y	sint16	[N]				mG
	10	compressed_calibrated_accel_z	sint16	[N]				mG
magnetometer_data								
	253	timestamp	date_time					s
	0	timestamp_ms	uint16					ms
	1	sample_time_offset	uint16	[N]				ms
	2	mag_x	uint16	[N]				counts
	3	mag_y	uint16	[N]				counts
	4	mag_z	uint16	[N]				counts
	5	calibrated_mag_x	float32	[N]				G
	6	calibrated_mag_y	float32	[N]				G
	7	calibrated_mag_z	float32	[N]				G
barometer_data								
	253	timestamp	date_time					s
	0	timestamp_ms	uint16					ms
	1	sample_time_offset	uint16	[N]				ms
	2	baro_pres	uint32	[N]				Pa
three_d_sensor_calibration								
	253	timestamp	date_time					s
	0	sensor_type	sensor_type					
	1	calibration_factor	uint32					
		accel_cal_factor	uint32					g
		gyro_cal_factor	uint32					deg/s
	2	calibration_divisor	uint32					counts
	3	level_shift	uint32					
	4	offset_cal	sint32	[3]				
	5	orientation_matrix	sint32	[9]		65535		
one_d_sensor_calibration								
	253	timestamp	date_time					s
	0	sensor_type	sensor_type					
	1	calibration_factor	uint32					
		baro_cal_factor	uint32					Pa
	2	calibration_divisor	uint32					counts
	3	level_shift	uint32					
	4	offset_cal	sint32					
video_frame								
	253	timestamp	date_time					s
	0	timestamp_ms	uint16					ms
	1	frame_number	uint32					
obdii_data								
	253	timestamp	date_time					s
	0	timestamp_ms	uint16					ms
	1	time_offset	uint16	[N]				ms
	2	pid	byte					
	3	raw_data	byte	[N]				
	4	pid_data_size	uint8	[N]				
	5	system_time	uint32	[N]				
	6	start_timestamp	date_time					
	7	start_timestamp_ms	uint16					ms
nmea_sentence								
	253	timestamp	date_time					s
	0	timestamp_ms	uint16					ms
	1	sentence	string					
aviation_attitude								
	253	timestamp	date_time					s
	0	timestamp_ms	uint16					ms
	1	system_time	uint32	[N]				ms
	2	pitch	sint16	[N]		10430,38		radians
	3	roll	sint16	[N]		10430,38		radians
	4	accel_lateral	sint16	[N]		100		m/s^2
	5	accel_normal	sint16	[N]		100		m/s^2
	6	turn_rate	sint16	[N]		1024		radians/second
	7	stage	attitude_stage	[N]				
	8	attitude_stage_complete	uint8	[N]				%
	9	track	uint16	[N]		10430,38		radians
	10	validity	attitude_validity	[N]				
video								
	0	url	string					
	1	hosting_provider	string					
	2	duration	uint32					ms
video_title								
	254	message_index	message_index					
	0	message_count	uint16					
	1	text	string					
video_description								
	254	message_index	message_index					
	0	message_count	uint16					
	1	text	string					
video_clip								
	0	clip_number	uint16					
	1	start_timestamp	date_time					
	2	start_timestamp_ms	uint16					
	3	end_timestamp	date_time					
	4	end_timestamp_ms	uint16					
	6	clip_start	uint32					ms
	7	clip_end	uint32					ms
set								
	254	timestamp	date_time					
	0	duration	uint32			1000		s
	3	repetitions	uint16					
	4	weight	uint16			16		kg
	5	set_type	set_type					
	6	start_time	date_time					
	7	category	exercise_category	[N]				
	8	category_subtype	uint16	[N]				
	9	weight_display_unit	fit_base_unit					
	10	message_index	message_index					
	11	wkt_step_index	message_index					
jump								
	253	timestamp	date_time					s
	0	distance	float32					m
	1	height	float32					m
	2	rotations	uint8					
	3	hang_time	float32					s
	4	score	float32					
	5	position_lat	sint32					semicircles
	6	position_long	sint32					semicircles
	7	speed	uint16		enhanced_speed	1000		m/s
	8	enhanced_speed	uint32			1000		m/s
split								
	254	message_index	message_index					
	0	split_type	split_type					
	1	total_elapsed_time	uint32			1000		s
	2	total_timer_time	uint32			1000		s
	3	total_distance	uint32			100		m
	4	avg_speed	uint32			1000		m/s
	9	start_time	date_time					
	13	total_ascent	uint16					m
	14	total_descent	uint16					m
	21	start_position_lat	sint32					semicircles
	22	start_position_long	sint32					semicircles
	23	end_position_lat	sint32					semicircles
	24	end_position_long	sint32					semicircles
	25	max_speed	uint32			1000		m/s
	26	avg_vert_speed	sint32			1000		m/s
	27	end_time	date_time					
	28	total_calories	uint32					kcal
	74	start_elevation	uint32			5	500	m
	110	total_moving_time	uint32			1000		s
split_summary								
	254	message_index	message_index					
	0	split_type	split_type					
	3	num_splits	uint16					
	4	total_timer_time	uint32			1000		s
	5	total_distance	uint32			100		m
	6	avg_speed	uint32			1000		m/s
	7	max_speed	uint32			1000		m/s
	8	total_ascent	uint16					m
	9	total_descent	uint16					m
	10	avg_heart_rate	uint8					bpm
	11	max_heart_rate	uint8					bpm
	12	avg_vert_speed	sint32			1000		m/s
	13	total_calories	uint32					kcal
	77	total_moving_time	uint32			1000		s
climb_pro								
	253	timestamp	date_time					s
	0	position_lat	sint32					semicircles
	1	position_long	sint32					semicircles
	2	climb_pro_event	climb_pro_event					
	3	climb_number	uint16					
	4	climb_category	uint8					
	5	current_dist	float32					m
field_description								
	0	developer_data_index	uint8					
	1	field_definition_number	uint8					
	2	fit_base_type_id	fit_base_type					
	3	field_name	string	[N]				
	4	array	uint8					
	5	components	string					
	6	scale	uint8					
	7	offset	sint8					
	8	units	string	[N]				
	9	bits	string					
	10	accumulate	string					
	13	fit_base_unit_id	fit_base_unit					
	14	native_mesg_num	mesg_num					
	15	native_field_num	uint8					
developer_data_id								
	0	developer_id	byte	[N]				
	1	application_id	byte	[N]				
	2	manufacturer_id	manufacturer					
	3	developer_data_index	uint8					
	4	application_version	uint32					
			COURSE FILE MESSAGES					
course								
	4	sport	sport					
	5	name	string					
	6	capabilities	course_capabilities					
	7	sub_sport	sub_sport					
course_point								
	254	message_index	message_index					
	1	timestamp	date_time					
	2	position_lat	sint32					semicircles
	3	position_long	sint32					semicircles
	4	distance	uint32			100		m
	5	type	course_point					
	6	name	string					
	8	favorite	bool					
			SEGMENT FILE MESSAGES					
segment_id								
	0	name	string					
	1	uuid	string					
	2	sport	sport					
	3	enabled	bool					
	4	user_profile_primary_key	uint32					
	5	device_id	uint32					
	6	default_race_leader	uint8					
	7	delete_status	segment_delete_status					
	8	selection_type	segment_selection_type					
segment_leaderboard_entry								
	254	message_index	message_index					
	0	name	string					
	1	type	segment_leaderboard_type					
	2	group_primary_key	uint32					
	3	activity_id	uint32					
	4	segment_time	uint32			1000		s
	5	activity_id_string	string					
segment_point								
	254	message_index	message_index					
	1	position_lat	sint32					semicircles
	2	position_long	sint32					semicircles
	3	distance	uint32			100		m
	4	altitude	uint16		enhanced_altitude	5	500	m
	5	leader_time	uint32	[N]		1000		s
	6	enhanced_altitude	uint32			5	500	m
segment_lap								
	254	message_index	message_index					
	253	timestamp	date_time					s
	0	event	event					
	1	event_type	event_type					
	2	start_time	date_time					
	3	start_position_lat	sint32					semicircles
	4	start_position_long	sint32					semicircles
	5	end_position_lat	sint32					semicircles
	6	end_position_long	sint32					semicircles
	7	total_elapsed_time	uint32			1000		s
	8	total_timer_time	uint32			1000		s
	9	total_distance	uint32			100		m
	10	total_cycles	uint32					cycles
		total_strokes	uint32					strokes
	11	total_calories	uint16					kcal
	12	total_fat_calories	uint16					kcal
	13	avg_speed	uint16			1000		m/s
	14	max_speed	uint16			1000		m/s
	15	avg_heart_rate	uint8					bpm
	16	max_heart_rate	uint8					bpm
	17	avg_cadence	uint8					rpm
	18	max_cadence	uint8					rpm
	19	avg_power	uint16					watts
	20	max_power	uint16					watts
	21	total_ascent	uint16					m
	22	total_descent	uint16					m
	23	sport	sport					
	24	event_group	uint8					
	25	nec_lat	sint32					semicircles
	26	nec_long	sint32					semicircles
	27	swc_lat	sint32					semicircles
	28	swc_long	sint32					semicircles
	29	name	string					
	30	normalized_power	uint16					watts
	31	left_right_balance	left_right_balance_100					
	32	sub_sport	sub_sport					
	33	total_work	uint32					J
	34	avg_altitude	uint16		enhanced_avg_altitude	5	500	m
	35	max_altitude	uint16		enhanced_max_altitude	5	500	m
	36	gps_accuracy	uint8					m
	37	avg_grade	sint16			100		%
	38	avg_pos_grade	sint16			100		%
	39	avg_neg_grade	sint16			100		%
	40	max_pos_grade	sint16			100		%
	41	max_neg_grade	sint16			100		%
	42	avg_temperature	sint8					C
	43	max_temperature	sint8					C
	44	total_moving_time	uint32			1000		s
	45	avg_pos_vertical_speed	sint16			1000		m/s
	46	avg_neg_vertical_speed	sint16			1000		m/s
	47	max_pos_vertical_speed	sint16			1000		m/s
	48	max_neg_vertical_speed	sint16			1000		m/s
	49	time_in_hr_zone	uint32	[N]		1000		s
	50	time_in_speed_zone	uint32	[N]		1000		s
	51	time_in_cadence_zone	uint32	[N]		1000		s
	52	time_in_power_zone	uint32	[N]		1000		s
	53	repetition_num	uint16					
	54	min_altitude	uint16		enhanced_min_altitude	5	500	m
	55	min_heart_rate	uint8					bpm
	56	active_time	uint32			1000		s
	57	wkt_step_index	message_index					
	58	sport_event	sport_event					
	59	avg_left_torque_effectiveness	uint8			2		percent
	60	avg_right_torque_effectiveness	uint8			2		percent
	61	avg_left_pedal_smoothness	uint8			2		percent
	62	avg_right_pedal_smoothness	uint8			2		percent
	63	avg_combined_pedal_smoothness	uint8			2		percent
	64	status	segment_lap_status					
	65	uuid	string					
	66	avg_fractional_cadence	uint8			128		rpm
	67	max_fractional_cadence	uint8			128		rpm
	68	total_fractional_cycles	uint8			128		cycles
	69	front_gear_shift_count	uint16					
	70	rear_gear_shift_count	uint16					
	71	time_standing	uint32			1000		s
	72	stand_count	uint16					
	73	avg_left_pco	sint8					mm
	74	avg_right_pco	sint8					mm
	75	avg_left_power_phase	uint8	[N]		0,7111111		degrees
	76	avg_left_power_phase_peak	uint8	[N]		0,7111111		degrees
	77	avg_right_power_phase	uint8	[N]		0,7111111		degrees
	78	avg_right_power_phase_peak	uint8	[N]		0,7111111		degrees
	79	avg_power_position	uint16	[N]				watts
	80	max_power_position	uint16	[N]				watts
	81	avg_cadence_position	uint8	[N]				rpm
	82	max_cadence_position	uint8	[N]				rpm
	83	manufacturer	manufacturer					
	84	total_grit	float32					kGrit
	85	total_flow	float32					Flow
	86	avg_grit	float32					kGrit
	87	avg_flow	float32					Flow
	89	total_fractional_ascent	uint8			100		m
	90	total_fractional_descent	uint8			100		m
	91	enhanced_avg_altitude	uint32			5	500	m
	92	enhanced_max_altitude	uint32			5	500	m
	93	enhanced_min_altitude	uint32			5	500	m
			SEGMENT LIST FILE MESSAGES					
segment_file								
	254	message_index	message_index					
	1	file_uuid	string					
	3	enabled	bool					
	4	user_profile_primary_key	uint32					
	7	leader_type	segment_leaderboard_type	[N]				
	8	leader_group_primary_key	uint32	[N]				
	9	leader_activity_id	uint32	[N]				
	10	leader_activity_id_string	string	[N]				
	11	default_race_leader	uint8					
			WORKOUT FILE MESSAGES					
workout								
	254	message_index	message_index					
	4	sport	sport					
	5	capabilities	workout_capabilities					
	6	num_valid_steps	uint16					
	8	wkt_name	string					
	11	sub_sport	sub_sport					
	14	pool_length	uint16			100		m
	15	pool_length_unit	display_measure					
	17	wkt_description	string					
workout_session								
	254	message_index	message_index					
	0	sport	sport					
	1	sub_sport	sub_sport					
	2	num_valid_steps	uint16					
	3	first_step_index	uint16					
	4	pool_length	uint16			100		m
	5	pool_length_unit	display_measure					
workout_step								
	254	message_index	message_index					
	0	wkt_step_name	string					
	1	duration_type	wkt_step_duration					
	2	duration_value	uint32					
		duration_time	uint32			1000		s
		duration_distance	uint32			100		m
		duration_hr	workout_hr					% or bpm
		duration_calories	uint32					calories
		duration_step	uint32					
		duration_power	workout_power					% or watts
		duration_reps	uint32					
	3	target_type	wkt_step_target					
	4	target_value	uint32					
		target_speed_zone	uint32					
		target_hr_zone	uint32					
		target_cadence_zone	uint32					
		target_power_zone	uint32					
		repeat_steps	uint32					
		repeat_time	uint32			1000		s
		repeat_distance	uint32			100		m
		repeat_calories	uint32					calories
		repeat_hr	workout_hr					% or bpm
		repeat_power	workout_power					% or watts
		target_stroke_type	swim_stroke					
	5	custom_target_value_low	uint32					
		custom_target_speed_low	uint32			1000		m/s
		custom_target_heart_rate_low	workout_hr					% or bpm
		custom_target_cadence_low	uint32					rpm
		custom_target_power_low	workout_power					% or watts
	6	custom_target_value_high	uint32					
		custom_target_speed_high	uint32			1000		m/s
		custom_target_heart_rate_high	workout_hr					% or bpm
		custom_target_cadence_high	uint32					rpm
		custom_target_power_high	workout_power					% or watts
	7	intensity	intensity					
	8	notes	string					
	9	equipment	workout_equipment					
	10	exercise_category	exercise_category					
	11	exercise_name	uint16					
	12	exercise_weight	uint16			100		kg
	13	weight_display_unit	fit_base_unit					
	19	secondary_target_type	wkt_step_target					
	20	secondary_target_value	uint32					
		secondary_target_speed_zone	uint32					
		secondary_target_hr_zone	uint32					
		secondary_target_cadence_zone	uint32					
		secondary_target_power_zone	uint32					
		secondary_target_stroke_type	swim_stroke					
	21	secondary_custom_target_value_low	uint32					
		secondary_custom_target_speed_low	uint32			1000		m/s
		secondary_custom_target_heart_rate_low	workout_hr					% or bpm
		secondary_custom_target_cadence_low	uint32					rpm
		secondary_custom_target_power_low	workout_power					% or watts
	22	secondary_custom_target_value_high	uint32					
		secondary_custom_target_speed_high	uint32			1000		m/s
		secondary_custom_target_heart_rate_high	workout_hr					% or bpm
		secondary_custom_target_cadence_high	uint32					rpm
		secondary_custom_target_power_high	workout_power					% or watts
exercise_title								
	254	message_index	message_index					
	0	exercise_category	exercise_category					
	1	exercise_name	uint16					
	2	wkt_step_name	string	[N]				
			SCHEDULE FILE MESSAGES					
schedule								
	0	manufacturer	manufacturer					
	1	product	uint16					
		favero_product	favero_product					
		garmin_product	garmin_product					
	2	serial_number	uint32z					
	3	time_created	date_time					
	4	completed	bool					
	5	type	schedule					
	6	scheduled_time	local_date_time					
			TOTALS FILE MESSAGES					
totals								
	254	message_index	message_index					
	253	timestamp	date_time					s
	0	timer_time	uint32					s
	1	distance	uint32					m
	2	calories	uint32					kcal
	3	sport	sport					
	4	elapsed_time	uint32					s
	5	sessions	uint16					
	6	active_time	uint32					s
	9	sport_index	uint8					
			WEIGHT SCALE FILE MESSAGES					
weight_scale								
	253	timestamp	date_time					s
	0	weight	weight			100		kg
	1	percent_fat	uint16			100		%
	2	percent_hydration	uint16			100		%
	3	visceral_fat_mass	uint16			100		kg
	4	bone_mass	uint16			100		kg
	5	muscle_mass	uint16			100		kg
	7	basal_met	uint16			4		kcal/day
	8	physique_rating	uint8					
	9	active_met	uint16			4		kcal/day
	10	metabolic_age	uint8					years
	11	visceral_fat_rating	uint8					
	12	user_profile_index	message_index					
	13	bmi	uint16			10		kg/m^2
			BLOOD PRESSURE FILE MESSAGES					
blood_pressure								
	253	timestamp	date_time					s
	0	systolic_pressure	uint16					mmHg
	1	diastolic_pressure	uint16					mmHg
	2	mean_arterial_pressure	uint16					mmHg
	3	map_3_sample_mean	uint16					mmHg
	4	map_morning_values	uint16					mmHg
	5	map_evening_values	uint16					mmHg
	6	heart_rate	uint8					bpm
	7	heart_rate_type	hr_type					
	8	status	bp_status					
	9	user_profile_index	message_index					
			MONITORING FILE MESSAGES					
monitoring_info								
	253	timestamp	date_time					s
	0	local_timestamp	local_date_time					s
	1	activity_type	activity_type	[N]				
	3	cycles_to_distance	uint16	[N]		5000		m/cycle
	4	cycles_to_calories	uint16	[N]		5000		kcal/cycle
	5	resting_metabolic_rate	uint16					kcal / day
monitoring								
	253	timestamp	date_time					s
	0	device_index	device_index					
	1	calories	uint16					kcal
	2	distance	uint32			100		m
	3	cycles	uint32			2		cycles
		steps	uint32			1		steps
		strokes	uint32			2		strokes
	4	active_time	uint32			1000		s
	5	activity_type	activity_type					
	6	activity_subtype	activity_subtype					
	7	activity_level	activity_level					
	8	distance_16	uint16					100 * m
	9	cycles_16	uint16					2 * cycles (steps)
	10	active_time_16	uint16					s
	11	local_timestamp	local_date_time					
	12	temperature	sint16			100		C
	14	temperature_min	sint16			100		C
	15	temperature_max	sint16			100		C
	16	activity_time	uint16	[8]				minutes
	19	active_calories	uint16					kcal
	24	current_activity_type_intensity	byte		activity_type,intensity			
	25	timestamp_min_8	uint8					min
	26	timestamp_16	uint16					s
	27	heart_rate	uint8					bpm
	28	intensity	uint8			10		
	29	duration_min	uint16					min
	30	duration	uint32					s
	31	ascent	uint32			1000		m
	32	descent	uint32			1000		m
	33	moderate_activity_minutes	uint16					minutes
	34	vigorous_activity_minutes	uint16					minutes
monitoring_hr_data								
	253	timestamp	date_time					s
	0	resting_heart_rate	uint8					bpm
	1	current_day_resting_heart_rate	uint8					bpm
spo2_data								
	253	timestamp	date_time					s
	0	reading_spo2	uint8			1		percent
	1	reading_confidence	uint8			1		
	2	mode	spo2_measurement_type					
hr								
	253	timestamp	date_time					
	0	fractional_timestamp	uint16			32768		s
	1	time256	uint8		fractional_timestamp	256		s
	6	filtered_bpm	uint8	[N]				bpm
	9	event_timestamp	uint32	[N]		1024		s
	10	event_timestamp_12	byte	[N]	event_timestamp,event_timestamp,event_timestamp,event_timestamp,event_timestamp,event_timestamp,event_timestamp,event_timestamp,event_timestamp,event_timestamp	1024,1024,1024,1024,1024,1024,1024,1024,1024,1024		s
stress_level								
	0	stress_level_value	sint16					
	1	stress_level_time	date_time					s
max_met_data								
	0	update_time	date_time					
	2	vo2_max	uint16			10		mL/kg/min
	5	sport	sport					
	6	sub_sport	sub_sport					
	8	max_met_category	max_met_category					
	9	calibrated_data	bool					
	12	hr_source	max_met_heart_rate_source					
	13	speed_source	max_met_speed_source					
hsa_body_battery_data								
	253	timestamp	date_time					s
	0	processing_interval	uint16					s
	1	level	sint8	[N]				percent
	2	charged	sint16	[N]				
	3	uncharged	sint16	[N]				
hsa_event								
	253	timestamp	date_time					s
	0	event_id	uint8					
hsa_accelerometer_data								
	253	timestamp	date_time					s
	0	timestamp_ms	uint16					ms
	1	sampling_interval	uint16					ms
	2	accel_x	sint16	[N]		1,024		mG
	3	accel_y	sint16	[N]		1,024		mG
	4	accel_z	sint16	[N]		1,024		mG
	5	timestamp_32k	uint32					
hsa_gyroscope_data								
	253	timestamp	date_time					s
	0	timestamp_ms	uint16					ms
	1	sampling_interval	uint16					1/32768 s
	2	gyro_x	sint16	[N]		28,57143		deg/s
	3	gyro_y	sint16	[N]		28,57143		deg/s
	4	gyro_z	sint16	[N]		28,57143		deg/s
	5	timestamp_32k	uint32					1/32768 s
hsa_step_data								
	253	timestamp	date_time					s
	0	processing_interval	uint16					s
	1	steps	uint32	[N]		1		steps
hsa_spo2_data								
	253	timestamp	date_time					s
	0	processing_interval	uint16					s
	1	reading_spo2	uint8	[N]				percent
	2	confidence	uint8	[N]				
hsa_stress_data								
	253	timestamp	date_time					
	0	processing_interval	uint16					s
	1	stress_level	sint8	[N]		1		s
hsa_respiration_data								
	253	timestamp	date_time					s
	0	processing_interval	uint16					s
	1	respiration_rate	sint16	[N]		100		breaths/min
hsa_heart_rate_data								
	253	timestamp	date_time					s
	0	processing_interval	uint16					s
	1	status	uint8					
	2	heart_rate	uint8	[N]		1		bpm
hsa_configuration_data								
	253	timestamp	date_time					s
	0	data	byte	[N]				
	1	data_size	uint8					
hsa_wrist_temperature_data								
	253	timestamp	date_time					s
	0	processing_interval	uint16					s
	1	value	uint16	[N]		1000		degC
			OTHER MESSAGES					
memo_glob								
	250	part_index	uint32					
	0	memo	byte	[N]				
	1	mesg_num	mesg_num					
	2	parent_index	message_index					
	3	field_num	uint8					
	4	data	uint8z	[N]				
sleep_level								
	253	timestamp	date_time					s
	0	sleep_level	sleep_level					
ant_channel_id								
	0	channel_number	uint8					
	1	device_type	uint8z					
	2	device_number	uint16z					
	3	transmission_type	uint8z					
	4	device_index	device_index					
ant_rx								
	253	timestamp	date_time					s
	0	fractional_timestamp	uint16			32768		s
	1	mesg_id	byte					
	2	mesg_data	byte	[N]	channel_number,data,data,data,data,data,data,data,data			
	3	channel_number	uint8					
	4	data	byte	[N]				
ant_tx								
	253	timestamp	date_time					s
	0	fractional_timestamp	uint16			32768		s
	1	mesg_id	byte					
	2	mesg_data	byte	[N]	channel_number,data,data,data,data,data,data,data,data			
	3	channel_number	uint8					
	4	data	byte	[N]				
exd_screen_configuration								
	0	screen_index	uint8					
	1	field_count	uint8					
	2	layout	exd_layout					
	3	screen_enabled	bool					
exd_data_field_configuration								
	0	screen_index	uint8					
	1	concept_field	byte		field_id,concept_count			
	2	field_id	uint8					
	3	concept_count	uint8					
	4	display_type	exd_display_type					
	5	title	string	[32]				
exd_data_concept_configuration								
	0	screen_index	uint8					
	1	concept_field	byte		field_id,concept_index			
	2	field_id	uint8					
	3	concept_index	uint8					
	4	data_page	uint8					
	5	concept_key	uint8					
	6	scaling	uint8					
	8	data_units	exd_data_units					
	9	qualifier	exd_qualifiers					
	10	descriptor	exd_descriptors					
	11	is_signed	bool					
dive_summary								
	253	timestamp	date_time					s
	0	reference_mesg	mesg_num					
	1	reference_index	message_index					
	2	avg_depth	uint32			1000		m
	3	max_depth	uint32			1000		m
	4	surface_interval	uint32			1		s
	5	start_cns	uint8			1		percent
	6	end_cns	uint8			1		percent
	7	start_n2	uint16			1		percent
	8	end_n2	uint16			1		percent
	9	o2_toxicity	uint16					OTUs
	10	dive_number	uint32					
	11	bottom_time	uint32			1000		s
	12	avg_pressure_sac	uint16			100		bar/min
	13	avg_volume_sac	uint16			100		L/min
	14	avg_rmv	uint16			100		L/min
	15	descent_time	uint32			1000		s
	16	ascent_time	uint32			1000		s
	17	avg_ascent_rate	sint32			1000		m/s
	22	avg_descent_rate	uint32			1000		m/s
	23	max_ascent_rate	uint32			1000		m/s
	24	max_descent_rate	uint32			1000		m/s
	25	hang_time	uint32			1000		s
aad_accel_features								
	253	timestamp	date_time					
	0	time	uint16					s
	1	energy_total	uint32					
	2	zero_cross_cnt	uint16					
	3	instance	uint8					
	4	time_above_threshold	uint16			25		s
hrv								
	0	time	uint16	[N]		1000		s
beat_intervals								
	253	timestamp	date_time					
	0	timestamp_ms	uint16					ms
	1	time	uint16	[N]				ms
hrv_status_summary								
	253	timestamp	date_time					
	0	weekly_average	uint16			128		ms
	1	last_night_average	uint16			128		ms
	2	last_night_5_min_high	uint16			128		ms
	3	baseline_low_upper	uint16			128		ms
	4	baseline_balanced_lower	uint16			128		ms
	5	baseline_balanced_upper	uint16			128		ms
	6	status	hrv_status					
hrv_value								
	253	timestamp	date_time					
	0	value	uint16			128		ms
raw_bbi								
	253	timestamp	date_time					
	0	timestamp_ms	uint16					ms
	1	data	uint16	[N]	time,quality,gap,time,quality,gap,time,quality,gap,time,quality,gap,time,quality,gap,time,quality,gap,time,quality,gap,time,quality,gap,time,quality,gap,time,quality,gap,time,quality,gap,time,quality,gap,time,quality,gap,time,quality,gap,time,quality,gap			
	2	time	uint16	[N]				ms
	3	quality	uint8	[N]				
	4	gap	uint8	[N]				
respiration_rate								
	253	timestamp	date_time					
	0	respiration_rate	sint16			100		breaths/min
chrono_shot_session								
	253	timestamp	date_time					
	0	min_speed	uint32			1000		m/s
	1	max_speed	uint32			1000		m/s
	2	avg_speed	uint32			1000		m/s
	3	shot_count	uint16					
	4	projectile_type	projectile_type					
	5	grain_weight	uint32			10		gr
	6	standard_deviation	uint32			1000		m/s
chrono_shot_data								
	253	timestamp	date_time					
	0	shot_speed	uint32			1000		m/s
	1	shot_num	uint16					
tank_update								
	253	timestamp	date_time					s
	0	sensor	ant_channel_id					
	1	pressure	uint16			100		bar
tank_summary								
	253	timestamp	date_time					s
	0	sensor	ant_channel_id					
	1	start_pressure	uint16			100		bar
	2	end_pressure	uint16			100		bar
	3	volume_used	uint32			100		L
sleep_assessment								
	0	combined_awake_score	uint8					
	1	awake_time_score	uint8					
	2	awakenings_count_score	uint8					
	3	deep_sleep_score	uint8					
	4	sleep_duration_score	uint8					
	5	light_sleep_score	uint8					
	6	overall_sleep_score	uint8					
	7	sleep_quality_score	uint8					
	8	sleep_recovery_score	uint8					
	9	rem_sleep_score	uint8					
	10	sleep_restlessness_score	uint8					
	11	awakenings_count	uint8					
	14	interruptions_score	uint8					
	15	average_stress_during_sleep	uint16			100		
skin_temp_overnight								
	253	timestamp	date_time					
	0	local_timestamp	local_date_time					
	1	average_deviation	float32					
	2	average_7_day_deviation	float32					
	4	nightly_value	float32					

